Nom original,Nom rogné,Utilisé l'image précédente
image001,image001_cropped,1
image001,image642_cropped,0
image002,image002_cropped,1
image002,image001_cropped,0
image003,image003_cropped,1
image003,image002_cropped,0
image004,image004_cropped,1
image004,image003_cropped,0
image005,image005_cropped,1
image005,image004_cropped,0
image006,image006_cropped,1
image006,image005_cropped,0
image007,image007_cropped,1
image007,image006_cropped,0
image008,image008_cropped,1
image008,image007_cropped,0
image009,image009_cropped,1
image009,image008_cropped,0
image010,image010_cropped,1
image010,image009_cropped,0
image011,image011_cropped,1
image011,image010_cropped,0
image012,image012_cropped,1
image012,image011_cropped,0
image013,image013_cropped,1
image013,image012_cropped,0
image014,image014_cropped,1
image014,image013_cropped,0
image015,image015_cropped,1
image015,image014_cropped,0
image016,image016_cropped,1
image016,image015_cropped,0
image017,image017_cropped,1
image017,image016_cropped,0
image018,image018_cropped,1
image018,image017_cropped,0
image019,image019_cropped,1
image019,image018_cropped,0
image020,image020_cropped,1
image020,image019_cropped,0
image021,image021_cropped,1
image021,image020_cropped,0
image022,image022_cropped,1
image022,image021_cropped,0
image023,image023_cropped,1
image023,image022_cropped,0
image024,image024_cropped,1
image024,image023_cropped,0
image025,image025_cropped,1
image025,image024_cropped,0
image026,image026_cropped,1
image026,image025_cropped,0
image027,image027_cropped,1
image027,image026_cropped,0
image028,image028_cropped,1
image028,image027_cropped,0
image029,image029_cropped,1
image029,image028_cropped,0
image030,image030_cropped,1
image030,image029_cropped,0
image031,image031_cropped,1
image031,image030_cropped,0
image032,image032_cropped,1
image032,image031_cropped,0
image033,image033_cropped,1
image033,image032_cropped,0
image034,image034_cropped,1
image034,image033_cropped,0
image035,image035_cropped,1
image035,image034_cropped,0
image036,image036_cropped,1
image036,image035_cropped,0
image037,image037_cropped,1
image037,image036_cropped,0
image038,image038_cropped,1
image038,image037_cropped,0
image039,image039_cropped,1
image039,image038_cropped,0
image040,image040_cropped,1
image040,image039_cropped,0
image041,image041_cropped,1
image041,image040_cropped,0
image042,image042_cropped,1
image042,image041_cropped,0
image043,image043_cropped,1
image043,image042_cropped,0
image044,image044_cropped,1
image044,image043_cropped,0
image045,image045_cropped,1
image045,image044_cropped,0
image046,image046_cropped,1
image046,image045_cropped,0
image047,image047_cropped,1
image047,image046_cropped,0
image048,image048_cropped,1
image048,image047_cropped,0
image049,image049_cropped,1
image049,image048_cropped,0
image050,image050_cropped,1
image050,image049_cropped,0
image051,image051_cropped,1
image051,image050_cropped,0
image052,image052_cropped,1
image052,image051_cropped,0
image053,image053_cropped,1
image053,image052_cropped,0
image054,image054_cropped,1
image054,image053_cropped,0
image055,image055_cropped,1
image055,image054_cropped,0
image056,image056_cropped,1
image056,image055_cropped,0
image057,image057_cropped,1
image057,image056_cropped,0
image058,image058_cropped,1
image058,image057_cropped,0
image059,image059_cropped,1
image059,image058_cropped,0
image060,image060_cropped,1
image060,image059_cropped,0
image061,image061_cropped,1
image061,image060_cropped,0
image062,image062_cropped,1
image062,image061_cropped,0
image063,image063_cropped,1
image063,image062_cropped,0
image064,image064_cropped,1
image064,image063_cropped,0
image065,image065_cropped,1
image065,image064_cropped,0
image066,image066_cropped,1
image066,image065_cropped,0
image067,image067_cropped,1
image067,image066_cropped,0
image068,image068_cropped,1
image068,image067_cropped,0
image069,image069_cropped,1
image069,image068_cropped,0
image070,image070_cropped,1
image070,image069_cropped,0
image071,image071_cropped,1
image071,image070_cropped,0
image072,image072_cropped,1
image072,image071_cropped,0
image073,image073_cropped,1
image073,image072_cropped,0
image074,image074_cropped,1
image074,image073_cropped,0
image075,image075_cropped,1
image075,image074_cropped,0
image076,image076_cropped,1
image076,image075_cropped,0
image077,image077_cropped,1
image077,image076_cropped,0
image078,image078_cropped,1
image078,image077_cropped,0
image079,image079_cropped,1
image079,image078_cropped,0
image080,image080_cropped,1
image080,image079_cropped,0
image081,image081_cropped,1
image081,image080_cropped,0
image082,image082_cropped,1
image082,image081_cropped,0
image083,image083_cropped,1
image083,image082_cropped,0
image084,image084_cropped,1
image084,image083_cropped,0
image085,image085_cropped,1
image085,image084_cropped,0
image086,image086_cropped,1
image086,image085_cropped,0
image087,image087_cropped,1
image087,image086_cropped,0
image088,image088_cropped,1
image088,image087_cropped,0
image089,image089_cropped,1
image089,image088_cropped,0
image090,image090_cropped,1
image090,image089_cropped,0
image091,image091_cropped,1
image091,image090_cropped,0
image092,image092_cropped,1
image092,image091_cropped,0
image093,image093_cropped,1
image093,image092_cropped,0
image094,image094_cropped,1
image094,image093_cropped,0
image095,image095_cropped,1
image095,image094_cropped,0
image096,image096_cropped,1
image096,image095_cropped,0
image097,image097_cropped,1
image097,image096_cropped,0
image098,image098_cropped,1
image098,image097_cropped,0
image099,image099_cropped,1
image099,image098_cropped,0
image100,image100_cropped,1
image100,image099_cropped,0
image101,image101_cropped,1
image101,image100_cropped,0
image102,image102_cropped,1
image102,image101_cropped,0
image103,image103_cropped,1
image103,image102_cropped,0
image104,image104_cropped,1
image104,image103_cropped,0
image105,image105_cropped,1
image105,image104_cropped,0
image106,image106_cropped,1
image106,image105_cropped,0
image107,image107_cropped,1
image107,image106_cropped,0
image108,image108_cropped,1
image108,image107_cropped,0
image109,image109_cropped,1
image109,image108_cropped,0
image110,image110_cropped,1
image110,image109_cropped,0
image111,image111_cropped,1
image111,image110_cropped,0
image112,image112_cropped,1
image112,image111_cropped,0
image113,image113_cropped,1
image113,image112_cropped,0
image114,image114_cropped,1
image114,image113_cropped,0
image115,image115_cropped,1
image115,image114_cropped,0
image116,image116_cropped,1
image116,image115_cropped,0
image117,image117_cropped,1
image117,image116_cropped,0
image118,image118_cropped,1
image118,image117_cropped,0
image119,image119_cropped,1
image119,image118_cropped,0
image120,image120_cropped,1
image120,image119_cropped,0
image121,image121_cropped,1
image121,image120_cropped,0
image122,image122_cropped,1
image122,image121_cropped,0
image123,image123_cropped,1
image123,image122_cropped,0
image124,image124_cropped,1
image124,image123_cropped,0
image125,image125_cropped,1
image125,image124_cropped,0
image126,image126_cropped,1
image126,image125_cropped,0
image127,image127_cropped,1
image127,image126_cropped,0
image128,image128_cropped,1
image128,image127_cropped,0
image129,image129_cropped,1
image129,image128_cropped,0
image130,image130_cropped,1
image130,image129_cropped,0
image131,image131_cropped,1
image131,image130_cropped,0
image132,image132_cropped,1
image132,image131_cropped,0
image133,image133_cropped,1
image133,image132_cropped,0
image134,image134_cropped,1
image134,image133_cropped,0
image135,image135_cropped,1
image135,image134_cropped,0
image136,image136_cropped,1
image136,image135_cropped,0
image137,image137_cropped,1
image137,image136_cropped,0
image138,image138_cropped,1
image138,image137_cropped,0
image139,image139_cropped,1
image139,image138_cropped,0
image140,image140_cropped,1
image140,image139_cropped,0
image141,image141_cropped,1
image141,image140_cropped,0
image142,image142_cropped,1
image142,image141_cropped,0
image143,image143_cropped,1
image143,image142_cropped,0
image144,image144_cropped,1
image144,image143_cropped,0
image145,image145_cropped,1
image145,image144_cropped,0
image146,image146_cropped,1
image146,image145_cropped,0
image147,image147_cropped,1
image147,image146_cropped,0
image148,image148_cropped,1
image148,image147_cropped,0
image149,image149_cropped,1
image149,image148_cropped,0
image150,image150_cropped,1
image150,image149_cropped,0
image151,image151_cropped,1
image151,image150_cropped,0
image152,image152_cropped,1
image152,image151_cropped,0
image153,image153_cropped,1
image153,image152_cropped,0
image154,image154_cropped,1
image154,image153_cropped,0
image155,image155_cropped,1
image155,image154_cropped,0
image156,image156_cropped,1
image156,image155_cropped,0
image157,image157_cropped,1
image157,image156_cropped,0
image158,image158_cropped,1
image158,image157_cropped,0
image159,image159_cropped,1
image159,image158_cropped,0
image160,image160_cropped,1
image160,image159_cropped,0
image161,image161_cropped,1
image161,image160_cropped,0
image162,image162_cropped,1
image162,image161_cropped,0
image163,image163_cropped,1
image163,image162_cropped,0
image164,image164_cropped,1
image164,image163_cropped,0
image165,image165_cropped,1
image165,image164_cropped,0
image166,image166_cropped,1
image166,image165_cropped,0
image167,image167_cropped,1
image167,image166_cropped,0
image168,image168_cropped,1
image168,image167_cropped,0
image169,image169_cropped,1
image169,image168_cropped,0
image170,image170_cropped,1
image170,image169_cropped,0
image171,image171_cropped,1
image171,image170_cropped,0
image172,image172_cropped,1
image172,image171_cropped,0
image173,image173_cropped,1
image173,image172_cropped,0
image174,image174_cropped,1
image174,image173_cropped,0
image175,image175_cropped,1
image175,image174_cropped,0
image176,image176_cropped,1
image176,image175_cropped,0
image177,image177_cropped,1
image177,image176_cropped,0
image178,image178_cropped,1
image178,image177_cropped,0
image179,image179_cropped,1
image179,image178_cropped,0
image180,image180_cropped,1
image180,image179_cropped,0
image181,image181_cropped,1
image181,image180_cropped,0
image182,image182_cropped,1
image182,image181_cropped,0
image183,image183_cropped,1
image183,image182_cropped,0
image184,image184_cropped,1
image184,image183_cropped,0
image185,image185_cropped,1
image185,image184_cropped,0
image186,image186_cropped,1
image186,image185_cropped,0
image187,image187_cropped,1
image187,image186_cropped,0
image188,image188_cropped,1
image188,image187_cropped,0
image189,image189_cropped,1
image189,image188_cropped,0
image190,image190_cropped,1
image190,image189_cropped,0
image191,image191_cropped,1
image191,image190_cropped,0
image192,image192_cropped,1
image192,image191_cropped,0
image193,image193_cropped,1
image193,image192_cropped,0
image194,image194_cropped,1
image194,image193_cropped,0
image195,image195_cropped,1
image195,image194_cropped,0
image196,image196_cropped,1
image196,image195_cropped,0
image197,image197_cropped,1
image197,image196_cropped,0
image198,image198_cropped,1
image198,image197_cropped,0
image199,image199_cropped,1
image199,image198_cropped,0
image200,image200_cropped,1
image200,image199_cropped,0
image201,image201_cropped,1
image201,image200_cropped,0
image202,image202_cropped,1
image202,image201_cropped,0
image203,image203_cropped,1
image203,image202_cropped,0
image204,image204_cropped,1
image204,image203_cropped,0
image205,image205_cropped,1
image205,image204_cropped,0
image206,image206_cropped,1
image206,image205_cropped,0
image207,image207_cropped,1
image207,image206_cropped,0
image208,image208_cropped,1
image208,image207_cropped,0
image209,image209_cropped,1
image209,image208_cropped,0
image210,image210_cropped,1
image210,image209_cropped,0
image211,image211_cropped,1
image211,image210_cropped,0
image212,image212_cropped,1
image212,image211_cropped,0
image213,image213_cropped,1
image213,image212_cropped,0
image214,image214_cropped,1
image214,image213_cropped,0
image215,image215_cropped,1
image215,image214_cropped,0
image216,image216_cropped,1
image216,image215_cropped,0
image217,image217_cropped,1
image217,image216_cropped,0
image218,image218_cropped,1
image218,image217_cropped,0
image219,image219_cropped,1
image219,image218_cropped,0
image220,image220_cropped,1
image220,image219_cropped,0
image221,image221_cropped,1
image221,image220_cropped,0
image222,image222_cropped,1
image222,image221_cropped,0
image223,image223_cropped,1
image223,image222_cropped,0
image224,image224_cropped,1
image224,image223_cropped,0
image225,image225_cropped,1
image225,image224_cropped,0
image226,image226_cropped,1
image226,image225_cropped,0
image227,image227_cropped,1
image227,image226_cropped,0
image228,image228_cropped,1
image228,image227_cropped,0
image229,image229_cropped,1
image229,image228_cropped,0
image230,image230_cropped,1
image230,image229_cropped,0
image231,image231_cropped,1
image231,image230_cropped,0
image232,image232_cropped,1
image232,image231_cropped,0
image233,image233_cropped,1
image233,image232_cropped,0
image234,image234_cropped,1
image234,image233_cropped,0
image235,image235_cropped,1
image235,image234_cropped,0
image236,image236_cropped,1
image236,image235_cropped,0
image237,image237_cropped,1
image237,image236_cropped,0
image238,image238_cropped,1
image238,image237_cropped,0
image239,image239_cropped,1
image239,image238_cropped,0
image240,image240_cropped,1
image240,image239_cropped,0
image241,image241_cropped,1
image241,image240_cropped,0
image242,image242_cropped,1
image242,image241_cropped,0
image243,image243_cropped,1
image243,image242_cropped,0
image244,image244_cropped,1
image244,image243_cropped,0
image245,image245_cropped,1
image245,image244_cropped,0
image246,image246_cropped,1
image246,image245_cropped,0
image247,image247_cropped,1
image247,image246_cropped,0
image248,image248_cropped,1
image248,image247_cropped,0
image249,image249_cropped,1
image249,image248_cropped,0
image250,image250_cropped,1
image250,image249_cropped,0
image251,image251_cropped,1
image251,image250_cropped,0
image252,image252_cropped,1
image252,image251_cropped,0
image253,image253_cropped,1
image253,image252_cropped,0
image254,image254_cropped,1
image254,image253_cropped,0
image255,image255_cropped,1
image255,image254_cropped,0
image256,image256_cropped,1
image256,image255_cropped,0
image257,image257_cropped,1
image257,image256_cropped,0
image258,image258_cropped,1
image258,image257_cropped,0
image259,image259_cropped,1
image259,image258_cropped,0
image260,image260_cropped,1
image260,image259_cropped,0
image261,image261_cropped,1
image261,image260_cropped,0
image262,image262_cropped,1
image262,image261_cropped,0
image263,image263_cropped,1
image263,image262_cropped,0
image264,image264_cropped,1
image264,image263_cropped,0
image265,image265_cropped,1
image265,image264_cropped,0
image266,image266_cropped,1
image266,image265_cropped,0
image267,image267_cropped,1
image267,image266_cropped,0
image268,image268_cropped,1
image268,image267_cropped,0
image269,image269_cropped,1
image269,image268_cropped,0
image270,image270_cropped,1
image270,image269_cropped,0
image271,image271_cropped,1
image271,image270_cropped,0
image272,image272_cropped,1
image272,image271_cropped,0
image273,image273_cropped,1
image273,image272_cropped,0
image274,image274_cropped,1
image274,image273_cropped,0
image275,image275_cropped,1
image275,image274_cropped,0
image276,image276_cropped,1
image276,image275_cropped,0
image277,image277_cropped,1
image277,image276_cropped,0
image278,image278_cropped,1
image278,image277_cropped,0
image279,image279_cropped,1
image279,image278_cropped,0
image280,image280_cropped,1
image280,image279_cropped,0
image281,image281_cropped,1
image281,image280_cropped,0
image282,image282_cropped,1
image282,image281_cropped,0
image283,image283_cropped,1
image283,image282_cropped,0
image284,image284_cropped,1
image284,image283_cropped,0
image285,image285_cropped,1
image285,image284_cropped,0
image286,image286_cropped,1
image286,image285_cropped,0
image287,image287_cropped,1
image287,image286_cropped,0
image288,image288_cropped,1
image288,image287_cropped,0
image289,image289_cropped,1
image289,image288_cropped,0
image290,image290_cropped,1
image290,image289_cropped,0
image291,image291_cropped,1
image291,image290_cropped,0
image292,image292_cropped,1
image292,image291_cropped,0
image293,image293_cropped,1
image293,image292_cropped,0
image294,image294_cropped,1
image294,image293_cropped,0
image295,image295_cropped,1
image295,image294_cropped,0
image296,image296_cropped,1
image296,image295_cropped,0
image297,image297_cropped,1
image297,image296_cropped,0
image298,image298_cropped,1
image298,image297_cropped,0
image299,image299_cropped,1
image299,image298_cropped,0
image300,image300_cropped,1
image300,image299_cropped,0
image301,image301_cropped,1
image301,image300_cropped,0
image302,image302_cropped,1
image302,image301_cropped,0
image303,image303_cropped,1
image303,image302_cropped,0
image304,image304_cropped,1
image304,image303_cropped,0
image305,image305_cropped,1
image305,image304_cropped,0
image306,image306_cropped,1
image306,image305_cropped,0
image307,image307_cropped,1
image307,image306_cropped,0
image308,image308_cropped,1
image308,image307_cropped,0
image309,image309_cropped,1
image309,image308_cropped,0
image310,image310_cropped,1
image310,image309_cropped,0
image311,image311_cropped,1
image311,image310_cropped,0
image312,image312_cropped,1
image312,image311_cropped,0
image313,image313_cropped,1
image313,image312_cropped,0
image314,image314_cropped,1
image314,image313_cropped,0
image315,image315_cropped,1
image315,image314_cropped,0
image316,image316_cropped,1
image316,image315_cropped,0
image317,image317_cropped,1
image317,image316_cropped,0
image318,image318_cropped,1
image318,image317_cropped,0
image319,image319_cropped,1
image319,image318_cropped,0
image320,image320_cropped,1
image320,image319_cropped,0
image321,image321_cropped,1
image321,image320_cropped,0
image322,image322_cropped,1
image322,image321_cropped,0
image323,image323_cropped,1
image323,image322_cropped,0
image324,image324_cropped,1
image324,image323_cropped,0
image325,image325_cropped,1
image325,image324_cropped,0
image326,image326_cropped,1
image326,image325_cropped,0
image327,image327_cropped,1
image327,image326_cropped,0
image328,image328_cropped,1
image328,image327_cropped,0
image329,image329_cropped,1
image329,image328_cropped,0
image330,image330_cropped,1
image330,image329_cropped,0
image331,image331_cropped,1
image331,image330_cropped,0
image332,image332_cropped,1
image332,image331_cropped,0
image333,image333_cropped,1
image333,image332_cropped,0
image334,image334_cropped,1
image334,image333_cropped,0
image335,image335_cropped,1
image335,image334_cropped,0
image336,image336_cropped,1
image336,image335_cropped,0
image337,image337_cropped,1
image337,image336_cropped,0
image338,image338_cropped,1
image338,image337_cropped,0
image339,image339_cropped,1
image339,image338_cropped,0
image340,image340_cropped,1
image340,image339_cropped,0
image341,image341_cropped,1
image341,image340_cropped,0
image342,image342_cropped,1
image342,image341_cropped,0
image343,image343_cropped,1
image343,image342_cropped,0
image344,image344_cropped,1
image344,image343_cropped,0
image345,image345_cropped,1
image345,image344_cropped,0
image346,image346_cropped,1
image346,image345_cropped,0
image347,image347_cropped,1
image347,image346_cropped,0
image348,image348_cropped,1
image348,image347_cropped,0
image349,image349_cropped,1
image349,image348_cropped,0
image350,image350_cropped,1
image350,image349_cropped,0
image351,image351_cropped,1
image351,image350_cropped,0
image352,image352_cropped,1
image352,image351_cropped,0
image353,image353_cropped,1
image353,image352_cropped,0
image354,image354_cropped,1
image354,image353_cropped,0
image355,image355_cropped,1
image355,image354_cropped,0
image356,image356_cropped,1
image356,image355_cropped,0
image357,image357_cropped,1
image357,image356_cropped,0
image358,image358_cropped,1
image358,image357_cropped,0
image359,image359_cropped,1
image359,image358_cropped,0
image360,image360_cropped,1
image360,image359_cropped,0
image361,image361_cropped,1
image361,image360_cropped,0
image362,image362_cropped,1
image362,image361_cropped,0
image363,image363_cropped,1
image363,image362_cropped,0
image364,image364_cropped,1
image364,image363_cropped,0
image365,image365_cropped,1
image365,image364_cropped,0
image366,image366_cropped,1
image366,image365_cropped,0
image367,image367_cropped,1
image367,image366_cropped,0
image368,image368_cropped,1
image368,image367_cropped,0
image369,image369_cropped,1
image369,image368_cropped,0
image370,image370_cropped,1
image370,image369_cropped,0
image371,image371_cropped,1
image371,image370_cropped,0
image372,image372_cropped,1
image372,image371_cropped,0
image373,image373_cropped,1
image373,image372_cropped,0
image374,image374_cropped,1
image374,image373_cropped,0
image375,image375_cropped,1
image375,image374_cropped,0
image376,image376_cropped,1
image376,image375_cropped,0
image377,image377_cropped,1
image377,image376_cropped,0
image378,image378_cropped,1
image378,image377_cropped,0
image379,image379_cropped,1
image379,image378_cropped,0
image380,image380_cropped,1
image380,image379_cropped,0
image381,image381_cropped,1
image381,image380_cropped,0
image382,image382_cropped,1
image382,image381_cropped,0
image383,image383_cropped,1
image383,image382_cropped,0
image384,image384_cropped,1
image384,image383_cropped,0
image385,image385_cropped,1
image385,image384_cropped,0
image386,image386_cropped,1
image386,image385_cropped,0
image387,image387_cropped,1
image387,image386_cropped,0
image388,image388_cropped,1
image388,image387_cropped,0
image389,image389_cropped,1
image389,image388_cropped,0
image390,image390_cropped,1
image390,image389_cropped,0
image391,image391_cropped,1
image391,image390_cropped,0
image392,image392_cropped,1
image392,image391_cropped,0
image393,image393_cropped,1
image393,image392_cropped,0
image394,image394_cropped,1
image394,image393_cropped,0
image395,image395_cropped,1
image395,image394_cropped,0
image396,image396_cropped,1
image396,image395_cropped,0
image397,image397_cropped,1
image397,image396_cropped,0
image398,image398_cropped,1
image398,image397_cropped,0
image399,image399_cropped,1
image399,image398_cropped,0
image400,image400_cropped,1
image400,image399_cropped,0
image401,image401_cropped,1
image401,image400_cropped,0
image402,image402_cropped,1
image402,image401_cropped,0
image403,image403_cropped,1
image403,image402_cropped,0
image404,image404_cropped,1
image404,image403_cropped,0
image405,image405_cropped,1
image405,image404_cropped,0
image406,image406_cropped,1
image406,image405_cropped,0
image407,image407_cropped,1
image407,image406_cropped,0
image408,image408_cropped,1
image408,image407_cropped,0
image409,image409_cropped,1
image409,image408_cropped,0
image410,image410_cropped,1
image410,image409_cropped,0
image411,image411_cropped,1
image411,image410_cropped,0
image412,image412_cropped,1
image412,image411_cropped,0
image413,image413_cropped,1
image413,image412_cropped,0
image414,image414_cropped,1
image414,image413_cropped,0
image415,image415_cropped,1
image415,image414_cropped,0
image416,image416_cropped,1
image416,image415_cropped,0
image417,image417_cropped,1
image417,image416_cropped,0
image418,image418_cropped,1
image418,image417_cropped,0
image419,image419_cropped,1
image419,image418_cropped,0
image420,image420_cropped,1
image420,image419_cropped,0
image421,image421_cropped,1
image421,image420_cropped,0
image422,image422_cropped,1
image422,image421_cropped,0
image423,image423_cropped,1
image423,image422_cropped,0
image424,image424_cropped,1
image424,image423_cropped,0
image425,image425_cropped,1
image425,image424_cropped,0
image426,image426_cropped,1
image426,image425_cropped,0
image427,image427_cropped,1
image427,image426_cropped,0
image428,image428_cropped,1
image428,image427_cropped,0
image429,image429_cropped,1
image429,image428_cropped,0
image430,image430_cropped,1
image430,image429_cropped,0
image431,image431_cropped,1
image431,image430_cropped,0
image432,image432_cropped,1
image432,image431_cropped,0
image433,image433_cropped,1
image433,image432_cropped,0
image434,image434_cropped,1
image434,image433_cropped,0
image435,image435_cropped,1
image435,image434_cropped,0
image436,image436_cropped,1
image436,image435_cropped,0
image437,image437_cropped,1
image437,image436_cropped,0
image438,image438_cropped,1
image438,image437_cropped,0
image439,image439_cropped,1
image439,image438_cropped,0
image440,image440_cropped,1
image440,image439_cropped,0
image441,image441_cropped,1
image441,image440_cropped,0
image442,image442_cropped,1
image442,image441_cropped,0
image443,image443_cropped,1
image443,image442_cropped,0
image444,image444_cropped,1
image444,image443_cropped,0
image445,image445_cropped,1
image445,image444_cropped,0
image446,image446_cropped,1
image446,image445_cropped,0
image447,image447_cropped,1
image447,image446_cropped,0
image448,image448_cropped,1
image448,image447_cropped,0
image449,image449_cropped,1
image449,image448_cropped,0
image450,image450_cropped,1
image450,image449_cropped,0
image451,image451_cropped,1
image451,image450_cropped,0
image452,image452_cropped,1
image452,image451_cropped,0
image453,image453_cropped,1
image453,image452_cropped,0
image454,image454_cropped,1
image454,image453_cropped,0
image455,image455_cropped,1
image455,image454_cropped,0
image456,image456_cropped,1
image456,image455_cropped,0
image457,image457_cropped,1
image457,image456_cropped,0
image458,image458_cropped,1
image458,image457_cropped,0
image459,image459_cropped,1
image459,image458_cropped,0
image460,image460_cropped,1
image460,image459_cropped,0
image461,image461_cropped,1
image461,image460_cropped,0
image462,image462_cropped,1
image462,image461_cropped,0
image463,image463_cropped,1
image463,image462_cropped,0
image464,image464_cropped,1
image464,image463_cropped,0
image465,image465_cropped,1
image465,image464_cropped,0
image466,image466_cropped,1
image466,image465_cropped,0
image467,image467_cropped,1
image467,image466_cropped,0
image468,image468_cropped,1
image468,image467_cropped,0
image469,image469_cropped,1
image469,image468_cropped,0
image470,image470_cropped,1
image470,image469_cropped,0
image471,image471_cropped,1
image471,image470_cropped,0
image472,image472_cropped,1
image472,image471_cropped,0
image473,image473_cropped,1
image473,image472_cropped,0
image474,image474_cropped,1
image474,image473_cropped,0
image475,image475_cropped,1
image475,image474_cropped,0
image476,image476_cropped,1
image476,image475_cropped,0
image477,image477_cropped,1
image477,image476_cropped,0
image478,image478_cropped,1
image478,image477_cropped,0
image479,image479_cropped,1
image479,image478_cropped,0
image480,image480_cropped,1
image480,image479_cropped,0
image481,image481_cropped,1
image481,image480_cropped,0
image482,image482_cropped,1
image482,image481_cropped,0
image483,image483_cropped,1
image483,image482_cropped,0
image484,image484_cropped,1
image484,image483_cropped,0
image485,image485_cropped,1
image485,image484_cropped,0
image486,image486_cropped,1
image486,image485_cropped,0
image487,image487_cropped,1
image487,image486_cropped,0
image488,image488_cropped,1
image488,image487_cropped,0
image489,image489_cropped,1
image489,image488_cropped,0
image490,image490_cropped,1
image490,image489_cropped,0
image491,image491_cropped,1
image491,image490_cropped,0
image492,image492_cropped,1
image492,image491_cropped,0
image493,image493_cropped,1
image493,image492_cropped,0
image494,image494_cropped,1
image494,image493_cropped,0
image495,image495_cropped,1
image495,image494_cropped,0
image496,image496_cropped,1
image496,image495_cropped,0
image497,image497_cropped,1
image497,image496_cropped,0
image498,image498_cropped,1
image498,image497_cropped,0
image499,image499_cropped,1
image499,image498_cropped,0
image500,image500_cropped,1
image500,image499_cropped,0
image501,image501_cropped,1
image501,image500_cropped,0
image502,image502_cropped,1
image502,image501_cropped,0
image503,image503_cropped,1
image503,image502_cropped,0
image504,image504_cropped,1
image504,image503_cropped,0
image505,image505_cropped,1
image505,image504_cropped,0
image506,image506_cropped,1
image506,image505_cropped,0
image507,image507_cropped,1
image507,image506_cropped,0
image508,image508_cropped,1
image508,image507_cropped,0
image509,image509_cropped,1
image509,image508_cropped,0
image510,image510_cropped,1
image510,image509_cropped,0
image511,image511_cropped,1
image511,image510_cropped,0
image512,image512_cropped,1
image512,image511_cropped,0
image513,image513_cropped,1
image513,image512_cropped,0
image514,image514_cropped,1
image514,image513_cropped,0
image515,image515_cropped,1
image515,image514_cropped,0
image516,image516_cropped,1
image516,image515_cropped,0
image517,image517_cropped,1
image517,image516_cropped,0
image518,image518_cropped,1
image518,image517_cropped,0
image519,image519_cropped,1
image519,image518_cropped,0
image520,image520_cropped,1
image520,image519_cropped,0
image521,image521_cropped,1
image521,image520_cropped,0
image522,image522_cropped,1
image522,image521_cropped,0
image523,image523_cropped,1
image523,image522_cropped,0
image524,image524_cropped,1
image524,image523_cropped,0
image525,image525_cropped,1
image525,image524_cropped,0
image526,image526_cropped,1
image526,image525_cropped,0
image527,image527_cropped,1
image527,image526_cropped,0
image528,image528_cropped,1
image528,image527_cropped,0
image529,image529_cropped,1
image529,image528_cropped,0
image530,image530_cropped,1
image530,image529_cropped,0
image531,image531_cropped,1
image531,image530_cropped,0
image532,image532_cropped,1
image532,image531_cropped,0
image533,image533_cropped,1
image533,image532_cropped,0
image534,image534_cropped,1
image534,image533_cropped,0
image535,image535_cropped,1
image535,image534_cropped,0
image536,image536_cropped,1
image536,image535_cropped,0
image537,image537_cropped,1
image537,image536_cropped,0
image538,image538_cropped,1
image538,image537_cropped,0
image539,image539_cropped,1
image539,image538_cropped,0
image540,image540_cropped,1
image540,image539_cropped,0
image541,image541_cropped,1
image541,image540_cropped,0
image542,image542_cropped,1
image542,image541_cropped,0
image543,image543_cropped,1
image543,image542_cropped,0
image544,image544_cropped,1
image544,image543_cropped,0
image545,image545_cropped,1
image545,image544_cropped,0
image546,image546_cropped,1
image546,image545_cropped,0
image547,image547_cropped,1
image547,image546_cropped,0
image548,image548_cropped,1
image548,image547_cropped,0
image549,image549_cropped,1
image549,image548_cropped,0
image550,image550_cropped,1
image550,image549_cropped,0
image551,image551_cropped,1
image551,image550_cropped,0
image552,image552_cropped,1
image552,image551_cropped,0
image553,image553_cropped,1
image553,image552_cropped,0
image554,image554_cropped,1
image554,image553_cropped,0
image555,image555_cropped,1
image555,image554_cropped,0
image556,image556_cropped,1
image556,image555_cropped,0
image557,image557_cropped,1
image557,image556_cropped,0
image558,image558_cropped,1
image558,image557_cropped,0
image559,image559_cropped,1
image559,image558_cropped,0
image560,image560_cropped,1
image560,image559_cropped,0
image561,image561_cropped,1
image561,image560_cropped,0
image562,image562_cropped,1
image562,image561_cropped,0
image563,image563_cropped,1
image563,image562_cropped,0
image564,image564_cropped,1
image564,image563_cropped,0
image565,image565_cropped,1
image565,image564_cropped,0
image566,image566_cropped,1
image566,image565_cropped,0
image567,image567_cropped,1
image567,image566_cropped,0
image568,image568_cropped,1
image568,image567_cropped,0
image569,image569_cropped,1
image569,image568_cropped,0
image570,image570_cropped,1
image570,image569_cropped,0
image571,image571_cropped,1
image571,image570_cropped,0
image572,image572_cropped,1
image572,image571_cropped,0
image573,image573_cropped,1
image573,image572_cropped,0
image574,image574_cropped,1
image574,image573_cropped,0
image575,image575_cropped,1
image575,image574_cropped,0
image576,image576_cropped,1
image576,image575_cropped,0
image577,image577_cropped,1
image577,image576_cropped,0
image578,image578_cropped,1
image578,image577_cropped,0
image579,image579_cropped,1
image579,image578_cropped,0
image580,image580_cropped,1
image580,image579_cropped,0
image581,image581_cropped,1
image581,image580_cropped,0
image582,image582_cropped,1
image582,image581_cropped,0
image583,image583_cropped,1
image583,image582_cropped,0
image584,image584_cropped,1
image584,image583_cropped,0
image585,image585_cropped,1
image585,image584_cropped,0
image586,image586_cropped,1
image586,image585_cropped,0
image587,image587_cropped,1
image587,image586_cropped,0
image588,image588_cropped,1
image588,image587_cropped,0
image589,image589_cropped,1
image589,image588_cropped,0
image590,image590_cropped,1
image590,image589_cropped,0
image591,image591_cropped,1
image591,image590_cropped,0
image592,image592_cropped,1
image592,image591_cropped,0
image593,image593_cropped,1
image593,image592_cropped,0
image594,image594_cropped,1
image594,image593_cropped,0
image595,image595_cropped,1
image595,image594_cropped,0
image596,image596_cropped,1
image596,image595_cropped,0
image597,image597_cropped,1
image597,image596_cropped,0
image598,image598_cropped,1
image598,image597_cropped,0
image599,image599_cropped,1
image599,image598_cropped,0
image600,image600_cropped,1
image600,image599_cropped,0
image601,image601_cropped,1
image601,image600_cropped,0
image602,image602_cropped,1
image602,image601_cropped,0
image603,image603_cropped,1
image603,image602_cropped,0
image604,image604_cropped,1
image604,image603_cropped,0
image605,image605_cropped,1
image605,image604_cropped,0
image606,image606_cropped,1
image606,image605_cropped,0
image607,image607_cropped,1
image607,image606_cropped,0
image608,image608_cropped,1
image608,image607_cropped,0
image609,image609_cropped,1
image609,image608_cropped,0
image610,image610_cropped,1
image610,image609_cropped,0
image611,image611_cropped,1
image611,image610_cropped,0
image612,image612_cropped,1
image612,image611_cropped,0
image613,image613_cropped,1
image613,image612_cropped,0
image614,image614_cropped,1
image614,image613_cropped,0
image615,image615_cropped,1
image615,image614_cropped,0
image616,image616_cropped,1
image616,image615_cropped,0
image617,image617_cropped,1
image617,image616_cropped,0
image618,image618_cropped,1
image618,image617_cropped,0
image619,image619_cropped,1
image619,image618_cropped,0
image620,image620_cropped,1
image620,image619_cropped,0
image621,image621_cropped,1
image621,image620_cropped,0
image622,image622_cropped,1
image622,image621_cropped,0
image623,image623_cropped,1
image623,image622_cropped,0
image624,image624_cropped,1
image624,image623_cropped,0
image625,image625_cropped,1
image625,image624_cropped,0
image626,image626_cropped,1
image626,image625_cropped,0
image627,image627_cropped,1
image627,image626_cropped,0
image628,image628_cropped,1
image628,image627_cropped,0
image629,image629_cropped,1
image629,image628_cropped,0
image630,image630_cropped,1
image630,image629_cropped,0
image631,image631_cropped,1
image631,image630_cropped,0
image632,image632_cropped,1
image632,image631_cropped,0
image633,image633_cropped,1
image633,image632_cropped,0
image634,image634_cropped,1
image634,image633_cropped,0
image635,image635_cropped,1
image635,image634_cropped,0
image636,image636_cropped,1
image636,image635_cropped,0
image637,image637_cropped,1
image637,image636_cropped,0
image638,image638_cropped,1
image638,image637_cropped,0
image639,image639_cropped,1
image639,image638_cropped,0
image640,image640_cropped,1
image640,image639_cropped,0
image641,image641_cropped,1
image641,image640_cropped,0
image642,image642_cropped,1
image642,image641_cropped,0
